{
  "main_window_rect": {
    "x": 1281,
    "y": 31,
    "width": 1278,
    "height": 1368
  },
  "console_window_rect": {
    "x": 0,
    "y": 0,
    "width": 160,
    "height": 28
  },
  "plugins": {
    "ecs_examples": {
      "path": "/plugins"
    },
    "ecs": {
      "path": "/plugins"
    }
  },
  "plugin_data": {
    "ecs": {
      "active_demo": "geometry_primitives",
      "debug_draw_flags": {
        "bits": 1
      },
      "default_cameras": {
        "bindless_material": {
          "aspect": 0.9342105388641357,
          "camera_type": "Orbit",
          "focus": [
            0.0,
            0.0,
            0.0
          ],
          "fov": 60.0,
          "pos": [
            -204.99942016601562,
            300.58636474609375,
            191.16505432128906
          ],
          "rot": [
            -47.0,
            -47.0,
            0.0
          ],
          "zoom": 411.0
        },
        "bindless_texture": {
          "aspect": 0.9342105388641357,
          "camera_type": "Orbit",
          "focus": [
            0.0,
            0.0,
            0.0
          ],
          "fov": 60.0,
          "pos": [
            -55.36480712890625,
            81.18025970458984,
            51.628517150878906
          ],
          "rot": [
            -47.0,
            -47.0,
            0.0
          ],
          "zoom": 111.0
        },
        "blend_states": {
          "aspect": 0.9342105388641357,
          "camera_type": "Orbit",
          "focus": [
            0.0,
            0.0,
            0.0
          ],
          "fov": 60.0,
          "pos": [
            77.29833221435547,
            197.4156494140625,
            114.59944915771484
          ],
          "rot": [
            -55.0,
            394.0,
            0.0
          ],
          "zoom": 241.0
        },
        "cubemap": {
          "aspect": 0.9342105388641357,
          "camera_type": "Orbit",
          "focus": [
            0.0,
            0.0,
            0.0
          ],
          "fov": 60.0,
          "pos": [
            -2.120635986328125,
            105.62550354003906,
            121.48974609375
          ],
          "rot": [
            -41.0,
            359.0,
            0.0
          ],
          "zoom": 161.0
        },
        "directional_lights": {
          "aspect": 0.9342105388641357,
          "camera_type": "Orbit",
          "focus": [
            0.0,
            0.0,
            0.0
          ],
          "fov": 60.0,
          "pos": [
            249.39102172851562,
            365.6768493652344,
            232.56088256835938
          ],
          "rot": [
            -47.0,
            47.0,
            0.0
          ],
          "zoom": 500.0
        },
        "draw": {
          "aspect": 0.9342105388641357,
          "camera_type": "Orbit",
          "focus": [
            0.0,
            0.0,
            0.0
          ],
          "fov": 60.0,
          "pos": [
            0.3299350440502167,
            1.5006731748580933,
            -2.6871063709259033
          ],
          "rot": [
            -29.0,
            173.0,
            0.0
          ],
          "zoom": 3.0953867435455322
        },
        "draw_cbuffer_instanced": {
          "aspect": 0.9342105388641357,
          "camera_type": "Orbit",
          "focus": [
            0.0,
            0.0,
            0.0
          ],
          "fov": 60.0,
          "pos": [
            -105.24301147460938,
            154.3156280517578,
            98.14069366455078
          ],
          "rot": [
            -47.0,
            -47.0,
            0.0
          ],
          "zoom": 211.0
        },
        "draw_indexed": {
          "aspect": 0.9342105388641357,
          "camera_type": "Orbit",
          "focus": [
            0.0,
            0.0,
            0.0
          ],
          "fov": 60.0,
          "pos": [
            4.720995903015137,
            6.772276401519775,
            -7.269696235656738
          ],
          "rot": [
            -38.0,
            147.0,
            0.0
          ],
          "zoom": 11.0
        },
        "draw_indexed_cbuffer_instanced": {
          "aspect": 0.9342105388641357,
          "camera_type": "Orbit",
          "focus": [
            0.0,
            0.0,
            0.0
          ],
          "fov": 60.0,
          "pos": [
            101.81123352050781,
            123.74796295166016,
            121.33390808105469
          ],
          "rot": [
            -38.0,
            40.0,
            0.0
          ],
          "zoom": 201.0
        },
        "draw_indexed_push_constants": {
          "aspect": 0.9342105388641357,
          "camera_type": "Orbit",
          "focus": [
            0.0,
            0.0,
            0.0
          ],
          "fov": 60.0,
          "pos": [
            101.81123352050781,
            123.74796295166016,
            121.33390808105469
          ],
          "rot": [
            -38.0,
            40.0,
            0.0
          ],
          "zoom": 201.0
        },
        "draw_indirect": {
          "aspect": 0.9342105388641357,
          "camera_type": "Orbit",
          "focus": [
            0.0,
            0.0,
            0.0
          ],
          "fov": 60.0,
          "pos": [
            -36.38866424560547,
            67.58219146728516,
            -65.6468734741211
          ],
          "rot": [
            -42.0,
            209.0,
            0.0
          ],
          "zoom": 101.0
        },
        "draw_material": {
          "aspect": 0.9342105388641357,
          "camera_type": "Fly",
          "focus": [
            0.0,
            0.0,
            0.0
          ],
          "fov": 60.0,
          "pos": [
            -184.70013427734375,
            346.8671875,
            205.2322235107422
          ],
          "rot": [
            -50.0,
            1401.0,
            0.0
          ],
          "zoom": 401.0
        },
        "draw_push_constants": {
          "aspect": 0.9342105388641357,
          "camera_type": "Orbit",
          "focus": [
            0.0,
            0.0,
            0.0
          ],
          "fov": 60.0,
          "pos": [
            101.30033874511719,
            148.53457641601562,
            -94.4640884399414
          ],
          "rot": [
            -47.0,
            133.0,
            0.0
          ],
          "zoom": 203.09539794921875
        },
        "draw_push_constants_texture": {
          "aspect": 0.9342105388641357,
          "camera_type": "Orbit",
          "focus": [
            0.0,
            0.0,
            0.0
          ],
          "fov": 60.0,
          "pos": [
            51.158878326416016,
            62.18181228637695,
            60.968780517578125
          ],
          "rot": [
            -38.0,
            40.0,
            0.0
          ],
          "zoom": 101.0
        },
        "draw_vertex_buffer_instanced": {
          "aspect": 0.9342105388641357,
          "camera_type": "Orbit",
          "focus": [
            0.0,
            0.0,
            0.0
          ],
          "fov": 60.0,
          "pos": [
            -186.02542114257812,
            302.6385192871094,
            186.02542114257812
          ],
          "rot": [
            -49.0,
            -45.0,
            0.0
          ],
          "zoom": 401.0
        },
        "generate_mip_maps": {
          "aspect": 0.9342105388641357,
          "camera_type": "Orbit",
          "focus": [
            0.0,
            0.0,
            0.0
          ],
          "fov": 60.0,
          "pos": [
            338.67730712890625,
            556.4214477539062,
            -466.1479187011719
          ],
          "rot": [
            -404.0,
            1944.0,
            0.0
          ],
          "zoom": 801.0
        },
        "geometry_primitives": {
          "aspect": 0.9342105388641357,
          "camera_type": "Orbit",