{
  "main_window_rect": {
    "x": 1281,
    "y": 31,
    "width": 1278,
    "height": 1368
  },
  "console_window_rect": {
    "x": 0,
    "y": 0,
    "width": 160,
    "height": 28
  },
  "plugins": {
    "ecs": {
      "path": "C:/Users/alex_/dev/hotline/plugins"
    },
    "ecs_examples": {
      "path": "C:/Users/alex_/dev/hotline/plugins"
    }
  },
  "plugin_data": {
    "ecs": {
      "active_demo": "draw_material",
      "debug_draw_flags": {
        "bits": 1
      },
      "default_cameras": {
        "directional_lights": {
          "aspect": 0.9342105388641357,
          "camera_type": "Orbit",
          "focus": [
            0.0,
            0.0,
            0.0
          ],
          "fov": 60.0,
          "pos": [
            249.39102172851562,
            365.6768493652344,
            232.56088256835938
          ],
          "rot": [
            -47.0,
            47.0,
            0.0
          ],
          "zoom": 500.0
        },
        "draw": {
          "aspect": 0.9342105388641357,
          "camera_type": "Orbit",
          "focus": [
            0.0,
            0.0,
            0.0
          ],
          "fov": 60.0,
          "pos": [
            0.3299350440502167,
            1.5006731748580933,
            -2.6871063709259033
          ],
          "rot": [
            -29.0,
            173.0,
            0.0
          ],
          "zoom": 3.0953867435455322
        },
        "draw_indexed": {
          "aspect": 0.9342105388641357,
          "camera_type": "Orbit",
          "focus": [
            0.0,
            0.0,
            0.0
          ],
          "fov": 60.0,
          "pos": [
            4.720995903015137,
            6.772276401519775,
            -7.269696235656738
          ],
          "rot": [
            -38.0,
            147.0,
            0.0
          ],
          "zoom": 11.0
        },
        "draw_indexed_cbuffer_instanced": {
          "aspect": 0.9342105388641357,
          "camera_type": "Orbit",
          "focus": [
            0.0,
            0.0,
            0.0
          ],
          "fov": 60.0,
          "pos": [
            101.81123352050781,
            123.74796295166016,
            121.33390808105469
          ],
          "rot": [
            -38.0,
            40.0,
            0.0
          ],
          "zoom": 201.0
        },
        "draw_indexed_push_constants": {
          "aspect": 0.9342105388641357,
          "camera_type": "Orbit",
          "focus": [
            0.0,
            0.0,
            0.0
          ],
          "fov": 60.0,
          "pos": [
            101.81123352050781,
            123.74796295166016,
            121.33390808105469
          ],
          "rot": [
            -38.0,
            40.0,
            0.0
          ],
          "zoom": 201.0
        },
        "draw_indirect": {
          "aspect": 0.9342105388641357,
          "camera_type": "Orbit",
          "focus": [
            0.0,
            0.0,
            0.0
          ],
          "fov": 60.0,
          "pos": [
            -36.38866424560547,
            67.58219146728516,
            -65.6468734741211
          ],
          "rot": [
            -42.0,
            209.0,
            0.0
          ],
          "zoom": 101.0
        },
        "gpu_frustum_culling": {
          "aspect": 0.9342105388641357,
          "camera_type": "Orbit",
          "focus": [
            0.0,
            0.0,
            0.0
          ],
          "fov": 60.0,
          "pos": [
            -135.22999572753906,
            2188.942626953125,
            -186.128173828125
          ],
          "rot": [
            -84.0,
            216.0,
            0.0
          ],
          "zoom": 2201.0
        },
        "draw_material": {
          "aspect": 0.9342105388641357,
          "camera_type": "Fly",
          "focus": [
            0.0,
            0.0,
            0.0
          ],
          "fov": 60.0,
          "pos": [
            -184.70013427734375,
            346.8671875,
            205.2322235107422
          ],
          "rot": [
            -50.0,
            1401.0,
            0.0
          ],
          "zoom": 401.0
        },
        "draw_push_constants_texture": {
          "aspect": 0.9342105388641357,
          "camera_type": "Orbit",
          "focus": [
            0.0,
            0.0,
            0.0
          ],
          "fov": 60.0,
          "pos": [
            51.158878326416016,
            62.18181228637695,
            60.968780517578125
          ],
          "rot": [
            -38.0,
            40.0,
            0.0
          ],
          "zoom": 101.0
        },
        "geometry_primitives": {
          "aspect": 0.9342105388641357,
          "camera_type": "Orbit",
          "focus": [
            0.0,
            0.0,
            0.0
          ],
          "fov": 60.0,
          "pos": [
            129.87283325195312,
            208.39752197265625,
            172.3470916748047
          ],
          "rot": [
            -44.0,
            37.0,
            0.0
          ],
          "zoom": 300.0
        },
        "point_lights": {
          "aspect": 0.9342105388641357,
          "camera_type": "Orbit",
          "focus": [
            0.0,
            0.0,
            0.0
          ],
          "fov": 60.0,
          "pos": [
            315.1270446777344,
            4168.69384765625,
            403.34423828125
          ],
          "rot": [
            -83.0,
            38.0,
            0.0
          ],
          "zoom": 4200.0
        },
        "spot_lights": {
          "aspect": 0.9342105388641357,
          "camera_type": "Orbit",
          "focus": [
            0.0,
            0.0,
            0.0
          ],
          "fov": 60.0,
          "pos": [
            315.1270446777344,
            4168.69384765625,
            403.34423828125
          ],
          "rot": [
            -83.0,
            38.0,
            0.0
          ],
          "zoom": 4200.0
        },
        "tangent_space_normal_maps": {
          "aspect": 0.9342105388641357,
          "camera_type": "Orbit",
          "focus": [
            0.0,
            0.0,
            0.0
          ],
          "fov": 60.0,
          "pos": [
            152.46359252929688,
            185.31411743164062,
            181.69903564453125
          ],
          "rot": [
            -38.0,
            40.0,
            0.0
          ],
          "zoom": 301.0
        },
        "test_blend_states": {
          "aspect": 0.9342105388641357,
          "camera_type": "Orbit",
          "focus": [
            0.0,
            0.0,
            0.0
          ],
          "fov": 60.0,
          "pos": [
            75.20877838134766,
            149.3721160888672,
            111.50161743164062
          ],
          "rot": [
            -48.0,
            34.0,
            0.0
          ],
          "zoom": 201.0
        },
        "test_compute": {
          "aspect": 0.9342105388641357,
          "camera_type": "Orbit",
          "focus": [
            0.0,
            0.0,
            0.0
          ],
          "fov": 60.0,
          "pos": [
            -77.8858642578125,
            167.95074462890625,
            129.62384033203125
          ],
          "rot": [
            -48.0,
            -31.0,
            0.0
          ],
          "zoom": 226.0
        },
        "test_cubemap": {
          "aspect": 0.9342105388641357,
          "camera_type": "Orbit",
          "focus": [
            0.0,
            0.0,
            0.0
          ],
          "fov": 60.0,
          "pos": [
            75.20877838134766,
            149.3721160888672,
            111.50161743164062
          ],
          "rot": [
            -48.0,
            34.0,
            0.0
          ],
          "zoom": 201.0
        },
        "test_multiple_render_targets": {
          "aspect": 0.9342105388641357,
          "camera_type": "Orbit",